{"cameraMode":{"drawMode":0,"name":"Shaded","section":"Shading Mode"},"sceneLighting":true,"audioPlay":false,"sceneViewState":{"m_AlwaysRefresh":true,"showFog":true,"showSkybox":true,"showFlares":true,"showImageEffects":true,"showParticleSystems":true,"showVisualEffectGraphs":true,"m_FxEnabled":true},"in2DMode":false,"pivot":{"x":22.572240829467775,"y":2.6705257892608644,"z":-8.00826358795166},"rotation":{"x":-0.049451518803834918,"y":0.6007261276245117,"z":-0.03727889433503151,"w":-0.7970564365386963},"size":1.2503656148910523,"orthographic":false}